kd	module	n_cells	kd_gene_measured	ctrl_mean_umi	ctrl_frac_nonzero	kd_frac_nonzero	readable
KEAP1	NRF2	266	True	0.47519999742507935	0.3596	0.045112781954887216	False
CUL3	NRF2	268	True	1.1670000553131104	0.6316	0.2835820895522388	True
NFE2L2	NRF2	140	True	0.9010000228881836	0.5428	0.35	False
HSPA5	UPR-ATF6	299	True	4.2546000480651855	0.9012	0.6889632107023411	True
ATF6	UPR-ATF6	127	True	0.5806000232696533	0.4208	0.05511811023622047	False
SCAP	SREBP	334	True	0.37619999051094055	0.304	0.06287425149700598	False
INSIG1	SREBP	121	True	0.33899998664855957	0.2668	0.08264462809917356	False
MBTPS2	SREBP	400	True	0.15060000121593475	0.1382	0.02	False
VHL	HIF	378	True	0.5640000104904175	0.4032	0.0582010582010582	False
HIF1A	HIF	163	True	0.2558000087738037	0.2194	0.049079754601226995	False
CISH	JAK-STAT	222	True	0.32839998602867126	0.2552	0.013513513513513514	False
STAT5B	JAK-STAT	129	True	0.7332000136375427	0.4844	0.14728682170542637	False
AHRR	AhR	145	False				False
TIPARP	AhR	44	False				False
AHR	AhR	128	False				False
ARNT	AhR	95	True	0.17319999635219574	0.1544	0.021052631578947368	False
SMAD6	BMP	162	False				False
SMAD1	BMP	342	True	0.25459998846054077	0.2122	0.02631578947368421	False
SMAD5	BMP	127	True	0.6173999905586243	0.445	0.023622047244094488	False
SMAD4	BMP	161	True	0.33959999680519104	0.275	0.049689440993788817	False
CRY1	Circadian	330	True	0.11320000141859055	0.1046	0.0030303030303030303	False
CRY2	Circadian	305	False				False
CLOCK	Circadian	188	True	0.1834000051021576	0.1666	0.12234042553191489	False
BMAL1	Circadian	0	False				False
SPRY2	ERK/MAPK	392	True	0.15240000188350677	0.1378	0.017857142857142856	False
SPRY4	ERK/MAPK	226	False				False
SPRED1	ERK/MAPK	75	True	0.1306000053882599	0.12	0.04	False
GRB2	ERK/MAPK	436	True	1.442199945449829	0.7176	0.6811926605504587	True
SOS1	ERK/MAPK	115	True	0.3165999948978424	0.2564	0.08695652173913043	False
RAF1	ERK/MAPK	135	True	0.6620000004768372	0.463	0.24444444444444444	False
MAP2K1	ERK/MAPK	220	True	0.328000009059906	0.2698	0.1	False
MAPK1	ERK/MAPK	305	True	3.1884000301361084	0.908	0.2754098360655738	True
NF1	ERK/MAPK	143	True	0.6639999747276306	0.4538	0.03496503496503497	False
NR1H4	FXR	168	False				False
FKBP5	GR	213	True	1.166599988937378	0.6286	0.07511737089201878	True
NR3C1	GR	160	True	0.21299999952316284	0.1848	0.05625	False
EGLN1	HIF	319	True	0.38580000400543213	0.309	0.12225705329153605	False
ARNT	HIF	95	True	0.17319999635219574	0.1544	0.021052631578947368	False
HSP90AB1	HSF1	74	True	30.22760009765625	0.9988	0.5135135135135135	True
HSP90AA1	HSF1	251	True	16.161399841308594	0.9916	0.5378486055776892	True
HSPA8	HSF1	232	True	10.407400131225586	0.9736	0.8060344827586207	True
HSF1	HSF1	241	True	0.6359999775886536	0.4468	0.3900414937759336	False
GLI1	Hedgehog	184	False				False
GLI2	Hedgehog	229	False				False
NF2	Hippo	322	True	0.3222000002861023	0.2678	0.027950310559006212	False
TEAD1	Hippo	59	True	0.15320000052452087	0.138	0.03389830508474576	False
LATS1	Hippo	174	True	0.3325999975204468	0.2764	0.034482758620689655	False
SOCS3	JAK-STAT	40	False				False
SOCS1	JAK-STAT	101	True	0.2581999897956848	0.201	0.0594059405940594	False
PTPN2	JAK-STAT	261	True	0.5440000295639038	0.4012	0.09578544061302682	False
STAT5A	JAK-STAT	474	True	0.6930000185966492	0.4656	0.08227848101265822	False
STAT3	JAK-STAT	170	True	0.8967999815940857	0.5466	0.36470588235294116	False
JAK2	JAK-STAT	268	False				False
JAK1	JAK-STAT	78	True	0.6773999929428101	0.4714	0.11538461538461539	False
NFKBIA	NF-κB	255	True	0.5185999870300293	0.3574	0.2980392156862745	False
RELA	NF-κB	185	True	0.2526000142097473	0.221	0.07027027027027027	False
IKBKB	NF-κB	116	True	0.22859999537467957	0.1988	0.008620689655172414	False
IKBKG	NF-κB	190	False				False
RCAN1	NFAT	58	True	0.1395999938249588	0.1302	0.13793103448275862	False
PPP3CA	NFAT	124	True	0.33160001039505005	0.269	0.08064516129032258	False
PPP3CB	NFAT	85	True	0.1671999990940094	0.1488	0.047058823529411764	False
PPP3R1	NFAT	143	True	0.40860000252723694	0.324	0.055944055944055944	False
NFATC1	NFAT	289	False				False
NFATC2	NFAT	280	False				False
NRARP	Notch	215	True	0.2150000035762787	0.1814	0.013953488372093023	False
RBPJ	Notch	123	True	0.6948000192642212	0.4708	0.21138211382113822	False
MAML1	Notch	187	True	0.1420000046491623	0.1332	0.10160427807486631	False
RARA	RAR	211	False				False
INSIG2	SREBP	317	True	0.11699999868869781	0.1092	0.015772870662460567	False
SREBF2	SREBP	191	True	0.545199990272522	0.4084	0.06806282722513089	False
SREBF1	SREBP	127	True	0.3041999936103821	0.2552	0.25984251968503935	False
MBTPS1	SREBP	149	True	0.31779998540878296	0.2632	0.020134228187919462	False
SKIL	TGF-β	234	True	0.29899999499320984	0.2408	0.02564102564102564	False
SMAD4	TGF-β	161	True	0.33959999680519104	0.275	0.049689440993788817	False
SMAD3	TGF-β	148	False				False
TGFBR1	TGF-β	46	True	0.8173999786376953	0.5232	0.5217391304347826	False
IFNAR1	Type I IFN	87	True	0.6065999865531921	0.4332	0.05747126436781609	False
IFNAR2	Type I IFN	183	True	0.3330000042915344	0.2682	0.06557377049180328	False
STAT1	Type I IFN	127	True	0.534600019454956	0.3916	0.047244094488188976	False
STAT2	Type I IFN	69	False				False
IRF9	Type I IFN	130	False				False
MBTPS1	UPR-ATF6	149	True	0.31779998540878296	0.2632	0.020134228187919462	False
MBTPS2	UPR-ATF6	400	True	0.15060000121593475	0.1382	0.02	False
DNAJB9	UPR-IRE1	289	True	0.12060000002384186	0.111	0.02768166089965398	False
HSPA5	UPR-IRE1	299	True	4.2546000480651855	0.9012	0.6889632107023411	True
ERN1	UPR-IRE1	361	False				False
XBP1	UPR-IRE1	273	True	1.016800045967102	0.534	0.08058608058608059	True
PPP1R15A	UPR-PERK	91	True	0.7465999722480774	0.4694	0.21978021978021978	False
EIF2AK3	UPR-PERK	194	False				False
ATF4	UPR-PERK	103	True	2.8808000087738037	0.8536	0.46601941747572817	True
VDR	VDR	125	False				False
CTNNB1	Wnt	39	True	0.7843999862670898	0.5054	0.2564102564102564	False
TCF7L2	Wnt	185	True	0.16920000314712524	0.1524	0.06486486486486487	False
APC	Wnt	361	True	0.682200014591217	0.4578	0.33240997229916897	False
CSNK1A1	Wnt	256	True	1.878999948501587	0.797	0.2421875	True
GSK3B	Wnt	227	True	0.37119999527931213	0.2982	0.07048458149779736	False
CREM	cAMP/CREB	100	True	0.4203999936580658	0.312	0.13	False
CREB1	cAMP/CREB	198	True	0.30219998955726624	0.2544	0.08080808080808081	False
PRKACA	cAMP/CREB	64	True	0.20059999823570251	0.1754	0.03125	False
STING1	cGAS-STING	0	False				False
TBK1	cGAS-STING	267	True	0.3537999987602234	0.2836	0.03745318352059925	False
IRF3	cGAS-STING	342	True	0.5073999762535095	0.383	0.04678362573099415	False
RPTOR	mTOR	105	True	0.12999999523162842	0.1182	0.009523809523809525	False
MTOR	mTOR	128	True	0.35679998993873596	0.29	0.0625	False
RHEB	mTOR	67	True	2.190200090408325	0.8234	0.19402985074626866	True
TSC1	mTOR	81	True	0.19619999825954437	0.1728	0.024691358024691357	False
TSC2	mTOR	250	True	0.24120000004768372	0.2082	0.236	False
MDM2	p53	116	True	0.45559999346733093	0.3514	0.05172413793103448	False
PPM1D	p53	78	True	0.14900000393390656	0.135	0.038461538461538464	False
MDM4	p53	122	True	0.8131999969482422	0.5214	0.08196721311475409	False
TP53	p53	220	False				False
ATM	p53	157	True	0.704200029373169	0.4746	0.11464968152866242	False
