kd	module	bin	n	mean_kd_gene	mean_score	se_score
KEAP1	NRF2	controls	5000	0.2628612518310547	2.274704002047656e-06	0.005700544178420955
KEAP1	NRF2	zero	254	0.0	1.023810863494873	0.03934702367979361
CUL3	NRF2	controls	5000	0.5704382061958313	2.274704002047656e-06	0.005700544178420955
CUL3	NRF2	zero	192	0.0	0.3478574752807617	0.03809580030588985
CUL3	NRF2	low	25	0.44280967116355896	0.43363112211227417	0.11206773519515992
CUL3	NRF2	mid	25	0.6303673982620239	0.31878167390823364	0.06765661239624024
CUL3	NRF2	high	26	0.976416289806366	0.19322770833969116	0.0744692076184269
NFE2L2	NRF2	controls	5000	0.45287421345710754	2.274704002047656e-06	0.005700544178420955
NFE2L2	NRF2	zero	91	0.0	-0.09403443336486816	0.039915222839432406
NFE2L2	NRF2	low	16	0.44053953886032104	0.0782608687877655	0.10087883472442627
NFE2L2	NRF2	mid	16	0.6704316139221191	-0.14060649275779724	0.09198842197656631
NFE2L2	NRF2	high	17	0.9976083040237427	0.11848753690719604	0.10830750269740953
HSPA5	UPR-ATF6	controls	5000	1.3301408290863037	-1.4102936347626382e-06	0.008738191462335709
HSPA5	UPR-ATF6	zero	93	0.0	1.5809588432312012	0.1709380962850892
HSPA5	UPR-ATF6	low	69	0.6398509740829468	0.8380312919616699	0.13878967608472578
HSPA5	UPR-ATF6	mid	68	1.112357497215271	0.9773091673851013	0.16596235896834666
HSPA5	UPR-ATF6	high	69	1.8768150806427002	1.3692371845245361	0.15486925038564345
ATF6	UPR-ATF6	controls	5000	0.3147006928920746	-9.891509762383066e-07	0.008145014187582476
ATF6	UPR-ATF6	zero	120	0.0	-0.13482065498828888	0.05358217837647603
SCAP	SREBP	controls	5000	0.21195903420448303	-1.8081665587033058e-07	0.006819907155156325
SCAP	SREBP	zero	313	0.0	-0.3559902608394623	0.023757503862684805
SCAP	SREBP	low	7	0.43933358788490295	-0.1275172382593155	0.14118719750772768
SCAP	SREBP	mid	7	0.5767791867256165	0.033831287175416946	0.16430117229515429
SCAP	SREBP	high	7	0.7952061295509338	0.03465626761317253	0.22075585004775497
INSIG1	SREBP	controls	5000	0.19340963661670685	-1.8081665587033058e-07	0.006819907155156325
INSIG1	SREBP	zero	111	0.0	0.5090822577476501	0.06303395506408888
MBTPS2	SREBP	controls	5000	0.08779028058052063	-1.8081665587033058e-07	0.006819907155156325
MBTPS2	SREBP	zero	392	0.0	-0.5140620470046997	0.01823765935233312
VHL	HIF	controls	5000	0.3052248954772949	-1.0738373248386779e-06	0.006994719638724961
VHL	HIF	zero	356	0.0	0.04558984190225601	0.024885325401298765
VHL	HIF	low	7	0.447965145111084	0.10429529845714569	0.11597512674682
VHL	HIF	mid	7	0.5796476006507874	-0.1116088479757309	0.10724423054123226
VHL	HIF	high	8	0.7634610533714294	-0.13429854810237885	0.12474175358317774
HIF1A	HIF	controls	5000	0.15047642588615417	-1.0738373248386779e-06	0.006994719638724961
HIF1A	HIF	zero	155	0.0	-0.1749909371137619	0.03507041344646047
CISH	JAK-STAT	controls	5000	0.18536381423473358	9.765624753299562e-08	0.008211895335610474
CISH	JAK-STAT	zero	219	0.0	-0.013829641044139862	0.04066535348615164
STAT5B	JAK-STAT	controls	5000	0.38210126757621765	9.765624753299562e-08	0.008211895335610474
STAT5B	JAK-STAT	zero	110	0.0	-0.28136467933654785	0.05530946686642065
STAT5B	JAK-STAT	low	6	0.5097492337226868	-0.48268160223960876	0.14565491937664102
STAT5B	JAK-STAT	mid	6	0.6522418856620789	0.11183758825063705	0.1663359927107194
STAT5B	JAK-STAT	high	7	0.8107628226280212	-0.28617367148399353	0.1880763680065445
CRY1	Circadian	controls	5000	0.06839533895254135	-8.029937959008748e-08	0.008191095865870348
CRY1	Circadian	zero	329	0.0	0.06298201531171799	0.035329699564606964
CLOCK	Circadian	controls	5000	0.10780883580446243	-6.160735921412197e-08	0.007082921191540679
CLOCK	Circadian	zero	165	0.0	0.10687434673309326	0.04633976533002244
CLOCK	Circadian	low	8	0.4038061201572418	0.021964773535728455	0.0998748600806592
CLOCK	Circadian	mid	7	0.5471336245536804	0.08296704292297363	0.18509274671464504
CLOCK	Circadian	high	8	0.7320593595504761	0.1544656753540039	0.13887688987977648
SPRY2	ERK/MAPK	controls	5000	0.08974242210388184	-7.171630755919978e-08	0.008226834707533645
SPRY2	ERK/MAPK	zero	385	0.0	-0.008731628768146038	0.02915520170905746
SPRED1	ERK/MAPK	controls	5000	0.07746440172195435	-7.171630755919978e-08	0.008226834707533645
SPRED1	ERK/MAPK	zero	72	0.0	0.03914452716708183	0.06989756285354824
GRB2	ERK/MAPK	controls	5000	0.6828392148017883	-7.171630755919978e-08	0.008226834707533645
GRB2	ERK/MAPK	zero	139	0.0	-0.002451519249007106	0.049050037732283114
GRB2	ERK/MAPK	low	99	0.540082573890686	0.10213020443916321	0.057841748527969875
GRB2	ERK/MAPK	mid	99	0.8196939826011658	0.07280783355236053	0.060984055219118184
GRB2	ERK/MAPK	high	99	1.234276533126831	0.09079921245574951	0.07141520942338925
SOS1	ERK/MAPK	controls	5000	0.17791812121868134	-7.171630755919978e-08	0.008226834707533645
SOS1	ERK/MAPK	zero	105	0.0	-0.10212798416614532	0.04811488968615151
RAF1	ERK/MAPK	controls	5000	0.35606294870376587	-7.171630755919978e-08	0.008226834707533645
RAF1	ERK/MAPK	zero	102	0.0	0.06072933226823807	0.06493661278346607
RAF1	ERK/MAPK	low	11	0.48091232776641846	-0.12852734327316284	0.13388287293512285
RAF1	ERK/MAPK	mid	11	0.6729299426078796	-0.10629617422819138	0.10497518673970838
RAF1	ERK/MAPK	high	11	1.0465224981307983	-0.12755419313907623	0.1755268187890438
MAP2K1	ERK/MAPK	controls	5000	0.18518836796283722	-7.171630755919978e-08	0.008226834707533645
MAP2K1	ERK/MAPK	zero	198	0.0	0.07491070032119751	0.043960336477272904
MAP2K1	ERK/MAPK	low	7	0.3996093273162842	0.11773072183132172	0.1318016699463356
MAP2K1	ERK/MAPK	mid	7	0.544610857963562	0.2099229097366333	0.12688355419881078
MAP2K1	ERK/MAPK	high	8	0.8244481086730957	-0.09070882201194763	0.21690860834734632
MAPK1	ERK/MAPK	controls	5000	1.2031619548797607	-7.171630755919978e-08	0.008226834707533645
MAPK1	ERK/MAPK	zero	221	0.0	0.07130689173936844	0.038902094986942415
MAPK1	ERK/MAPK	low	28	0.5560215711593628	0.1384032815694809	0.10407093106431684
MAPK1	ERK/MAPK	mid	28	0.8585983514785767	0.12518161535263062	0.08985895033812857
MAPK1	ERK/MAPK	high	28	1.288008689880371	0.1848655641078949	0.10587881569753116
NF1	ERK/MAPK	controls	5000	0.3513355851173401	-7.171630755919978e-08	0.008226834707533645
NF1	ERK/MAPK	zero	138	0.0	0.11775282025337219	0.05462045088397832
FKBP5	GR	controls	5000	0.5580756664276123	1.3351440841802287e-08	0.010035990708674681
FKBP5	GR	zero	197	0.0	-0.01813061162829399	0.045584071531285096
FKBP5	GR	low	5	0.5049063563346863	0.2940061688423157	0.22300855697369013
FKBP5	GR	mid	5	0.669241189956665	0.023797834292054176	0.18886598319317238
FKBP5	GR	high	6	1.0522202253341675	0.6981501579284668	0.19336296153172688
NR3C1	GR	controls	5000	0.12305622547864914	1.3351440841802287e-08	0.010035990708674681
NR3C1	GR	zero	151	0.0	-0.02778162620961666	0.048864702411952926
EGLN1	HIF	controls	5000	0.216734379529953	-1.0738373248386779e-06	0.006994719638724961
EGLN1	HIF	zero	280	0.0	-0.024236006662249565	0.0298238647743654
EGLN1	HIF	low	13	0.427489697933197	0.1336601823568344	0.10038117575087409
EGLN1	HIF	mid	13	0.6284736394882202	-0.0044649806804955006	0.12258342899831799
EGLN1	HIF	high	13	1.0406574010849	-0.2943319082260132	0.16758246911121022
ARNT	HIF	controls	5000	0.10240815579891205	-1.0738373248386779e-06	0.006994719638724961
ARNT	HIF	zero	93	0.0	-0.1229650154709816	0.04584499298446902
HSP90AB1	HSF1	controls	5000	3.2243075370788574	-1.0141372968064388e-06	0.0065083635515225885
HSP90AB1	HSF1	zero	36	0.0	0.31095826625823975	0.1021568775177002
HSP90AB1	HSF1	low	13	0.5567637085914612	0.36898425221443176	0.136270852904588
HSP90AB1	HSF1	mid	12	1.2074700593948364	0.3239533007144928	0.13833650714803092
HSP90AB1	HSF1	high	13	3.060560703277588	0.195011168718338	0.1117206101092847
HSP90AA1	HSF1	controls	5000	2.5835800170898438	6.599426427555954e-08	0.0069068084776954825
HSP90AA1	HSF1	zero	116	0.0	-0.018094046041369438	0.04394622774913566
HSP90AA1	HSF1	low	45	0.520703911781311	0.26245635747909546	0.0964780782545484
HSP90AA1	HSF1	mid	45	0.844452440738678	0.017075803130865097	0.08248056445029431
HSP90AA1	HSF1	high	45	1.7829538583755493	-0.06882670521736145	0.06679402827224105
HSPA8	HSF1	controls	5000	2.1178367137908936	-1.0141372968064388e-06	0.0065083635515225885
HSPA8	HSF1	zero	45	0.0	0.6958385705947876	0.1285727820456543
HSPA8	HSF1	low	62	1.2963266372680664	0.6438605785369873	0.11570944102306699
HSPA8	HSF1	mid	62	1.9591407775878906	0.28078535199165344	0.08322903736545059
HSPA8	HSF1	high	63	2.5181946754455566	0.35239800810813904	0.0740510212606356
HSF1	HSF1	controls	5000	0.3422771394252777	-1.0141372968064388e-06	0.0065083635515225885
HSF1	HSF1	zero	147	0.0	-0.0881645530462265	0.03732822374525699
HSF1	HSF1	low	31	0.4907873570919037	-0.052500467747449875	0.0548520826477307
HSF1	HSF1	mid	31	0.6762433052062988	0.060683827847242355	0.07281779315002708
HSF1	HSF1	high	32	1.015859603881836	-0.14980608224868774	0.09445131932058033
SOCS1	JAK-STAT	controls	5000	0.14552442729473114	9.765624753299562e-08	0.008211895335610474
SOCS1	JAK-STAT	zero	95	0.0	0.09139317274093628	0.06114754698527609
PTPN2	JAK-STAT	controls	5000	0.29513394832611084	9.765624753299562e-08	0.008211895335610474
PTPN2	JAK-STAT	zero	236	0.0	0.028994090855121613	0.04374850189154485
PTPN2	JAK-STAT	low	8	0.43950584530830383	0.07873128354549408	0.11894875354905238
PTPN2	JAK-STAT	mid	8	0.5413514971733093	0.136215478181839	0.2302978402557114
PTPN2	JAK-STAT	high	9	0.91593337059021	-0.007279674056917429	0.18183624744415283
STAT5A	JAK-STAT	controls	5000	0.3597579598426819	9.765624753299562e-08	0.008211895335610474
STAT5A	JAK-STAT	zero	435	0.0	0.05293915793299675	0.03118324920437707
STAT5A	JAK-STAT	low	13	0.46947166323661804	0.12738221883773804	0.15788972293235204
STAT5A	JAK-STAT	mid	13	0.7037728428840637	0.01857190951704979	0.15148506307929419
STAT5A	JAK-STAT	high	13	1.0239020586013794	-0.08385912328958511	0.14590578067256393
STAT3	JAK-STAT	controls	5000	0.45479199290275574	9.765624753299562e-08	0.008211895335610474
STAT3	JAK-STAT	zero	108	0.0	0.05516351759433746	0.05846370215119262
STAT3	JAK-STAT	low	21	0.48529917001724243	0.11370515823364258	0.14066436499115775
STAT3	JAK-STAT	mid	20	0.6999458074569702	0.07593952864408493	0.10844021040890371
STAT3	JAK-STAT	high	21	1.1659969091415405	0.07040369510650635	0.10670044347626229
JAK1	JAK-STAT	controls	5000	0.3681158125400543	9.765624753299562e-08	0.008211895335610474
JAK1	JAK-STAT	zero	69	0.0	-0.09959247708320618	0.06676890744303088
NFKBIA	NF-κB	controls	5000	0.2716728150844574	1.0528564331480084e-07	0.009960337115597627
NFKBIA	NF-κB	zero	179	0.0	0.1272960603237152	0.056063931411687126
NFKBIA	NF-κB	low	25	0.4597814083099365	0.2593177855014801	0.1591472029685974
NFKBIA	NF-κB	mid	25	0.6175764203071594	0.2940080463886261	0.14368396997451782
NFKBIA	NF-κB	high	26	1.0012799501419067	0.12836048007011414	0.19193992170062635
RELA	NF-κB	controls	5000	0.14662624895572662	1.0528564331480084e-07	0.009960337115597627
RELA	NF-κB	zero	172	0.0	-0.09145292639732361	0.04637489808460599
IKBKB	NF-κB	controls	5000	0.13233625888824463	1.0528564331480084e-07	0.009960337115597627
IKBKB	NF-κB	zero	115	0.0	-0.023627573624253273	0.05809739194060878
INSIG2	SREBP	controls	5000	0.06895458698272705	-1.8081665587033058e-07	0.006819907155156325
INSIG2	SREBP	zero	312	0.0	0.018475471064448357	0.027867839237695036
SREBF2	SREBP	controls	5000	0.30525004863739014	-1.8081665587033058e-07	0.006819907155156325
SREBF2	SREBP	zero	178	0.0	-0.29263806343078613	0.031001188933514567
SREBF1	SREBP	controls	5000	0.1722455620765686	-1.8081665587033058e-07	0.006819907155156325
SREBF1	SREBP	zero	94	0.0	0.07496437430381775	0.056041109562843985
SREBF1	SREBP	low	11	0.4384041130542755	0.1911119818687439	0.12713200456894713
SREBF1	SREBP	mid	11	0.567776620388031	0.23609937727451324	0.08090859400775362
SREBF1	SREBP	high	11	0.8203486800193787	0.005244439467787743	0.13885312740082995
MBTPS1	SREBP	controls	5000	0.1826775223016739	-1.8081665587033058e-07	0.006819907155156325
MBTPS1	SREBP	zero	146	0.0	-0.3717254102230072	0.03823968471596118
MBTPS1	UPR-ATF6	controls	5000	0.1826775223016739	-9.891509762383066e-07	0.008145014187582476
MBTPS1	UPR-ATF6	zero	146	0.0	-0.13309717178344727	0.04597785060315464
MBTPS2	UPR-ATF6	controls	5000	0.08779028058052063	-9.891509762383066e-07	0.008145014187582476
MBTPS2	UPR-ATF6	zero	392	0.0	-0.3617694675922394	0.03000416383604388
DNAJB9	UPR-IRE1	controls	5000	0.0726962611079216	4.1847229681479803e-07	0.008267217288965872
DNAJB9	UPR-IRE1	zero	281	0.0	0.030565790832042694	0.036708074521573666
HSPA5	UPR-IRE1	controls	5000	1.3301408290863037	4.1847229681479803e-07	0.008267217288965872
HSPA5	UPR-IRE1	zero	93	0.0	0.47242337465286255	0.10106029412081634
HSPA5	UPR-IRE1	low	69	0.6398509740829468	0.035258084535598755	0.06556670761370026
HSPA5	UPR-IRE1	mid	68	1.112357497215271	0.2821492850780487	0.0978574700533231
HSPA5	UPR-IRE1	high	69	1.8768150806427002	0.20459547638893127	0.08370424572915693
XBP1	UPR-IRE1	controls	5000	0.46885600686073303	4.1847229681479803e-07	0.008267217288965872
XBP1	UPR-IRE1	zero	251	0.0	-0.0418703556060791	0.03420942712730899
XBP1	UPR-IRE1	low	7	0.4485201835632324	0.033682312816381454	0.16365051720868368
XBP1	UPR-IRE1	mid	7	0.5974202156066895	0.11873360723257065	0.257442803309533
XBP1	UPR-IRE1	high	8	0.9044398069381714	0.15844497084617615	0.19154758519288606
PPP1R15A	UPR-PERK	controls	5000	0.3802492320537567	-1.899719279663259e-07	0.009188297888070832
PPP1R15A	UPR-PERK	zero	71	0.0	-0.06400541216135025	0.06710595494988696
PPP1R15A	UPR-PERK	low	7	0.49817490577697754	0.030681971460580826	0.12397408526108679
PPP1R15A	UPR-PERK	mid	6	0.700855553150177	1.0327094793319702	0.7186902904696814
PPP1R15A	UPR-PERK	high	7	1.2513103485107422	1.017083764076233	0.6284395232682181
ATF4	UPR-PERK	controls	5000	1.074252963066101	-1.899719279663259e-07	0.009188297888070832
ATF4	UPR-PERK	zero	55	0.0	-0.19267456233501434	0.052046100550265866
ATF4	UPR-PERK	low	16	0.5756890773773193	-0.018025755882263184	0.09484116733074188
ATF4	UPR-PERK	mid	16	0.9247896671295166	-0.07614290714263916	0.11725367605686188
ATF4	UPR-PERK	high	16	1.3466283082962036	-0.3011038601398468	0.05960458144545555
CTNNB1	Wnt	controls	5000	0.41134268045425415	-1.7509459837583563e-07	0.00824344983815361
CTNNB1	Wnt	zero	29	0.0	-0.2995155453681946	0.1056201384902131
TCF7L2	Wnt	controls	5000	0.10090624541044235	-1.7509459837583563e-07	0.00824344983815361
TCF7L2	Wnt	zero	173	0.0	-0.02341398596763611	0.046305642707953086
APC	Wnt	controls	5000	0.36338526010513306	-1.7509459837583563e-07	0.00824344983815361
APC	Wnt	zero	241	0.0	0.0024533122777938843	0.03869984979098071
APC	Wnt	low	40	0.45800819993019104	0.18345797061920166	0.0786430064407582
APC	Wnt	mid	40	0.6314975619316101	0.10042629390954971	0.1018831767403678
APC	Wnt	high	40	1.004654049873352	-0.029689621180295944	0.09601151323717488
CSNK1A1	Wnt	controls	5000	0.8378451466560364	-1.7509459837583563e-07	0.00824344983815361
CSNK1A1	Wnt	zero	194	0.0	-0.02271074615418911	0.04364275671224875
CSNK1A1	Wnt	low	21	0.5251783132553101	0.2103021740913391	0.1387331153522284
CSNK1A1	Wnt	mid	20	0.8124449849128723	-0.15548069775104523	0.13939094053953605
CSNK1A1	Wnt	high	21	1.2896250486373901	0.04137279838323593	0.12774474973927447
GSK3B	Wnt	controls	5000	0.20869101583957672	-1.7509459837583563e-07	0.00824344983815361
GSK3B	Wnt	zero	211	0.0	-0.21267211437225342	0.03968368248888084
GSK3B	Wnt	low	5	0.44464725255966187	-0.06611663103103638	0.21003915649331734
GSK3B	Wnt	mid	5	0.6162320375442505	0.16047701239585876	0.2451493566740344
GSK3B	Wnt	high	6	0.9058835506439209	-0.26924893260002136	0.23754734337289649
CREM	cAMP/CREB	controls	5000	0.22598247230052948	3.433227480087453e-09	0.01040998329774701
CREM	cAMP/CREB	zero	87	0.0	-0.0766521543264389	0.06352085617010439
CREB1	cAMP/CREB	controls	5000	0.17350326478481293	3.433227480087453e-09	0.01040998329774701
CREB1	cAMP/CREB	zero	182	0.0	0.001829586224630475	0.05639940433646682
CREB1	cAMP/CREB	low	5	0.3990844190120697	-0.26763927936553955	0.0
CREB1	cAMP/CREB	mid	5	0.516952633857727	-0.26763927936553955	0.0
CREB1	cAMP/CREB	high	6	0.6640017032623291	-0.26763927936553955	0.0
PRKACA	cAMP/CREB	controls	5000	0.11646701395511627	3.433227480087453e-09	0.01040998329774701
PRKACA	cAMP/CREB	zero	62	0.0	0.059205424040555954	0.10556876624529837
RPTOR	mTOR	controls	5000	0.07349363714456558	2.6283262855031353e-07	0.006067239040673623
RPTOR	mTOR	zero	104	0.0	-0.11846241354942322	0.043384735743493545
MTOR	mTOR	controls	5000	0.19734516739845276	2.6283262855031353e-07	0.006067239040673623
MTOR	mTOR	zero	120	0.0	-0.05640079826116562	0.03644885307006069
RHEB	mTOR	controls	5000	0.9168092012405396	2.6283262855031353e-07	0.006067239040673623
RHEB	mTOR	zero	54	0.0	-0.07890788465738297	0.051287405893113314
TSC1	mTOR	controls	5000	0.11522100865840912	2.6283262855031353e-07	0.006067239040673623
TSC1	mTOR	zero	79	0.0	0.060277532786130905	0.05397602246498785
TSC2	mTOR	controls	5000	0.1379414051771164	2.6283262855031353e-07	0.006067239040673623
TSC2	mTOR	zero	191	0.0	-0.004012151621282101	0.030303349492253585
TSC2	mTOR	low	20	0.5012191534042358	0.1616303026676178	0.06755070791443307
TSC2	mTOR	mid	19	0.6414713263511658	-0.05338362604379654	0.10344008532328094
TSC2	mTOR	high	20	0.9167196154594421	-0.025006497278809547	0.08526721013019502
MDM2	p53	controls	5000	0.2560924291610718	-7.400512913591228e-08	0.006236427870245449
MDM2	p53	zero	110	0.0	0.06733540445566177	0.05759482651645846
PPM1D	p53	controls	5000	0.08958146721124649	-7.400512913591228e-08	0.006236427870245449
PPM1D	p53	zero	75	0.0	0.11735238134860992	0.04726949475347357
MDM4	p53	controls	5000	0.42379575967788696	-7.400512913591228e-08	0.006236427870245449
MDM4	p53	zero	112	0.0	-0.03742869570851326	0.04243584740695851
ATM	p53	controls	5000	0.37371402978897095	-7.400512913591228e-08	0.006236427870245449
ATM	p53	zero	139	0.0	0.006095471326261759	0.03938562135421178
ATM	p53	low	6	0.46529731154441833	0.01769629679620266	0.10232919355000912
ATM	p53	mid	6	0.6598501801490784	-0.05649915337562561	0.10316711742737489
ATM	p53	high	6	1.034091830253601	-0.053426023572683334	0.14708810135913414
