kd	module	readable	n_cells	mean_score_kd	rho_kd	rho_ctrl	rho_kd_partial_depth	rho_ctrl_partial_depth
KEAP1	NRF2	False	266	1.0115355253219604	-0.09382256767559723	0.006186655153379531	-0.0670800598316027	-0.01743923812563788
CUL3	NRF2	True	268	0.33814507722854614	-0.04748157283583109	0.03706564649590346	-0.06029375390711098	0.023465640973845507
NFE2L2	NRF2	False	140	-0.05385982245206833	0.11515020724126734	0.08066731463582505	0.029389254553803774	0.05402368498713118
HSPA5	UPR-ATF6	True	299	1.2233703136444092	-0.037734815822808264	0.21725772552902048	-0.02565778545936118	0.21368297309010378
ATF6	UPR-ATF6	False	127	-0.1369079202413559	-0.0115767891412369	0.015657722502120937	-0.009628693330375278	0.01047260512509321
SCAP	SREBP	False	334	-0.33484476804733276	0.16145461365452982	0.02054452501208461	0.028661697013824684	0.0038914148186952667
INSIG1	SREBP	False	121	0.47860974073410034	-0.1619515240420802	0.10580118706887201	-0.10796640021677277	0.08633555456656672
MBTPS2	SREBP	False	400	-0.509771466255188	0.08872347310329771	0.04421249682113076	-0.01794077006176008	0.013180972037586154
VHL	HIF	False	378	0.03995872661471367	-0.04349377642084528	0.018458711405415808	-0.04006486604783468	0.00505519200564189
HIF1A	HIF	False	163	-0.1653323769569397	0.0927499526862739	0.010484382898047581	0.05794003160316368	0.0045113029380463975
CISH	JAK-STAT	False	222	-0.00977328885346651	0.07813918646798214	0.08068241954655174	0.013303203972864336	0.049719963174832994
STAT5B	JAK-STAT	False	129	-0.2727007269859314	0.05405107716312956	0.09763556599068703	0.05571332737030412	0.0755176443144937
CRY1	Circadian	False	330	0.061823949217796326	-0.03652699711831933	0.016499216732991342	0.3503108427352236	0.3137462180120141
CLOCK	Circadian	False	188	0.10439615696668625	0.04416771787024705	0.05784255710658944	-0.1977428475193988	0.21321391780107704
SPRY2	ERK/MAPK	False	392	-0.006211356725543737	0.06136662213519622	0.017767948616863694	0.12148130838421888	0.08716607823161161
SPRED1	ERK/MAPK	False	75	0.029105234891176224	-0.06572699185495469	0.0371396373242799	0.06352773826458037	0.10691418462848487
GRB2	ERK/MAPK	True	436	0.05955786257982254	0.052395351612841166	0.033374294967136994	0.07320106508314167	0.03214059307128677
SOS1	ERK/MAPK	False	115	-0.07639534026384354	0.11394019342690719	0.020795414905883512	0.19311922985875485	0.04531949165965678
RAF1	ERK/MAPK	False	135	0.016357313841581345	-0.1084551854740132	0.021899558838286124	-0.16195796248413105	0.021188306985996427
MAP2K1	ERK/MAPK	False	220	0.0745464637875557	0.019278696363718678	0.04754148928762762	-0.18817330936589596	0.06114075215677338
MAPK1	ERK/MAPK	True	305	0.09283749759197235	0.08485759975403279	0.0017778468668594473	0.03555763269850671	0.011479925860730484
NF1	ERK/MAPK	False	143	0.1202617734670639	0.04166278273982373	0.034640972067893384	-0.15086309936038556	0.04740149976289742
FKBP5	GR	True	213	0.010357706807553768	0.23530298497352556	0.01858948658195758	0.4602837148049654	-0.023221619496067335
NR3C1	GR	False	160	-0.02314015105366707	0.05315127637233792	0.04909663637814867	0.4577434665416618	-0.3927188146043
EGLN1	HIF	False	319	-0.028002694249153137	-0.007384325617674072	0.015325884151554722	-0.06017277986159387	0.005643273304854426
ARNT	HIF	False	95	-0.12594470381736755	-0.07767754794405604	0.02287247101728054	-0.03169092945128779	0.01915333246594129
HSP90AB1	HSF1	True	74	0.30289027094841003	-0.05191958704164158	0.1712900908925894	-0.11013698630136982	0.1628278448508105
HSP90AA1	HSF1	True	251	0.02941369265317917	-0.016994910131466326	0.10252220045080086	-0.05614458590195278	0.09958580079458706
HSPA8	HSF1	True	232	0.4777666926383972	-0.14798470638155153	0.23219394156358816	-0.17469233445258306	0.21864834925957907
HSF1	HSF1	False	241	-0.0726153552532196	0.036056437231426326	0.02546551840427946	-0.017090895607767533	0.010718730127326303
SOCS1	JAK-STAT	False	101	0.08797624707221985	-0.023200677427189776	0.10304941669261385	0.021467676179382642	0.0602612751464207
PTPN2	JAK-STAT	False	261	0.0325542613863945	0.035216020356704965	0.03286638933637161	-0.019716389603201923	9.250519653497477e-05
STAT5A	JAK-STAT	False	474	0.0502864345908165	-0.014308145647005398	0.05119431334321005	0.051227142717179056	0.020368715648689726
STAT3	JAK-STAT	False	170	0.06672198325395584	-0.01679940393102659	0.048898854223732746	-0.06223711657495323	0.02592129837175262
JAK1	JAK-STAT	False	78	-0.056078653782606125	0.23425885188492768	0.037630266125013204	0.16799656040162367	0.018322237664724825
NFKBIA	NF-κB	False	255	0.15669220685958862	0.027488433907530193	0.03783800929962372	-0.021996584066697546	0.04680535601950112
RELA	NF-κB	False	185	-0.05495314672589302	0.21094242261044044	0.0699701080440679	0.1537376112247677	0.10557039441696947
IKBKB	NF-κB	False	116	-0.0282650925219059	-0.08750637318034131	0.033689842275552426	0.023703532848960134	0.06603695867874615
INSIG2	SREBP	False	317	0.02449822798371315	0.0999157367650795	0.0271810772720047	0.016078203647203144	0.0021038873490266305
SREBF2	SREBP	False	191	-0.27880382537841797	0.09913815420850657	0.042236712788836846	0.012477610912096994	0.032053190000298486
SREBF1	SREBP	False	127	0.0929422453045845	0.08948707624843134	0.054548794993287374	0.0828705005624297	0.026661677750567967
MBTPS1	SREBP	False	149	-0.366690456867218	0.09550147370105508	0.037483687863577295	-0.0018429167422456011	0.02186338361518461
MBTPS1	UPR-ATF6	False	149	-0.13935799896717072	-0.08574322191948897	0.05773323035354871	-0.03685833484491202	0.05897245182496988
MBTPS2	UPR-ATF6	False	400	-0.3591027557849884	0.051808605291509754	0.059630248094985926	0.04344936734523505	0.059007693628006966
DNAJB9	UPR-IRE1	False	289	0.028341904282569885	-0.013100714127940458	0.0056474028770963	-0.011429622558962734	0.019996576898522366
HSPA5	UPR-IRE1	True	299	0.2664596140384674	-0.06260386529209254	0.059249127090447856	-0.05654441612359086	0.05591321761443433
XBP1	UPR-IRE1	True	273	-0.02994501404464245	0.06976729683148296	0.03739338617374611	0.08450662690679865	0.011580010681425652
PPP1R15A	UPR-PERK	False	91	0.09874982386827469	0.23388195871542133	0.13664439065801634	0.11686574295269947	0.10367188951273512
ATF4	UPR-PERK	True	103	-0.1642860323190689	0.017174307533294467	0.24775171925154219	0.009225522848305126	0.21768758362293542
CTNNB1	Wnt	False	39	-0.2121822088956833	0.31917461773813494	-0.0012303565408556508	0.1410931174089069	-0.029044973603287706
TCF7L2	Wnt	False	185	-0.03031427040696144	-0.05331378871053693	0.008323221541479074	0.024976320541453347	-0.033393144951027284
APC	Wnt	False	361	0.029803423210978508	0.04608266341745947	0.029344719326289518	0.0007810308472112248	-0.0019681350956828564
CSNK1A1	Wnt	True	256	-0.008712206035852432	0.029294422818053764	0.006345830807330154	-0.02067765471807421	-0.0006615616378602461
GSK3B	Wnt	False	227	-0.2027202993631363	0.06089269505842003	0.02522645327852104	0.0219889913979434	-0.02218718496390143
CREM	cAMP/CREB	False	100	0.04794451594352722	0.19855421632227432	0.11538080970874744	-0.43344734473447344	0.30333859799470936
CREB1	cAMP/CREB	False	198	-0.019945671781897545	-0.11972641851422253	0.021337232095562476	-0.6452167702329061	0.30474649398307657
PRKACA	cAMP/CREB	False	64	0.048991527408361435	-0.08989945453593776	0.015968077266643902	0.254029304029304	0.38310029010066476
RPTOR	mTOR	False	105	-0.11256067454814911	0.13264418260254124	0.0612709403019674	0.04200704955421937	-0.006050972203641684
MTOR	mTOR	False	128	-0.04012174904346466	0.12531487498365448	0.039182557056402924	0.07137267581018653	-0.023220951633197377
RHEB	mTOR	True	67	-0.05424297973513603	0.21569535373120644	0.06189523490733347	0.15599808444408972	0.04179398639019336
TSC1	mTOR	False	81	0.054167140275239944	-0.06334211356909542	0.005638256675935408	-0.053613369467028	-0.03641946947438985
TSC2	mTOR	False	250	0.0038074629846960306	0.03319820078882541	0.04495488863632629	-0.020760144148254427	-0.014464133026912036
MDM2	p53	False	116	0.07107965648174286	0.06088661858368772	0.040661558487095115	0.0405258909007035	0.015350668287182649
PPM1D	p53	False	78	0.10879043489694595	-0.09074635988835111	0.04046365744677186	-0.09622023546074178	-0.004737994798522817
MDM4	p53	False	122	-0.031849101185798645	0.0506164205285509	0.052583192046013416	-0.0011367372666440958	0.02716617322363542
ATM	p53	False	157	0.001871954882517457	-0.002646750628310897	0.006384857063088641	0.1305453395270375	-0.024855946258324605
