module	evo_cohort	n_kd_efficient	kds	median_rms_pctile	median_locality	baseline_activity_gene_mean
AMPK	ancient_unit	3	PRKAA1,PRKAB1,STK11	0.35330396475770925	0.9053254723548889	0.6022176146507263
AR		3	FKBP5,AR,NKX3-1	0.7161736941472624	0.344870388507843	1.1397647857666016
AhR		3	AHRR,AHR,ARNT	0.655254877281309	0.4929383397102356	0.441694974899292
Autophagy		4	MAP1LC3B,ATG5,BECN1,TFEB	0.5154185022026432	0.885682225227356	0.6194398999214172
BMP		4	ID1,SMAD1,SMAD5,SMAD6	0.5425424795468848	1.6446759700775146	0.2556503415107727
Calcium		3	CALM1,ITPR1,PLCG1	0.25726872246696036	1.5887939929962158	0.16377423703670502
Cell Cycle		5	CCND1,CDK4,E2F1,MKI67,RB1	0.3465072372561359	0.762771725654602	1.8070034980773926
Circadian		19	CREB1,CRY1,CRY2,CSNK1D,CSNK1E,DBP,ARNTL,NFIL3,NPAS2,NR1D1,NR1D2,PRKAA1,PRKAB1,PRKAB2,PRKAG1,RORA,RORB,RORC,BHLHE41	0.4722466960352423	0.6736356616020203	0.11120849847793579
ER		2	CCND1,ESR1	0.41976085588420387	0.9318709373474121	2.6264772415161133
ERK/MAPK	ancient_unit	33	DDIT3,DUSP10,DUSP1,DUSP3,DUSP9,ELK1,ELK4,FGFR1,FGFR3,FGFR4,JUN,KIT,MAP2K1,MAPK1,MAPK3,MAX,MEF2C,NFKB1,NFKB2,NR4A1,ATF2,ATF4,PPM1B,PTPN7,PTPRR,RELA,RELB,SPRED1,SPRY2,SPRY4,SRF,TNFRSF1A,TP53	0.31768407803650095	0.9125564098358154	0.2453576773405075
FXR		0				
GR		4	DUSP1,FKBP5,NR3C1,SGK1	0.44745122718691	0.8313084244728088	0.46565723419189453
HIF		10	CUL2,EGLN1,EGLN2,EGLN3,HIF1A,LDHA,ARNT,SLC2A1,ELOB,VHL	0.43996224040276904	2.477375030517578	2.4222097396850586
HSF1	ancient_unit	6	DNAJB1,HDAC6,HSBP1,HSF2,HSP90AA1,HSP90AB1	0.7056639395846445	1.9584310054779053	3.0762243270874023
Hedgehog		3	GLI2,GLI3,MEGF8	0.5775959723096287		
Hippo		18	DLG5,GLI2,LATS1,LLGL1,NF2,SCRIB,SMAD1,SMAD3,SMAD4,SNAI2,BIRC2,TCF7L2,TEAD1,TEAD2,TEAD3,TEAD4,TP53BP2,TP73	0.44701069855254877	0.6551392078399658	1.4997680187225342
Insulin/FOXO		3	AKT2,FOXO1,GSK3B	0.8814348646947766	0.7932794690132141	0.42399001121520996
JAK-STAT		4	CISH,JAK1,SOCS1,STAT1	0.6568911264946506	1.3001562356948853	1.2270116806030273
LXR		3	MYLIP,NR1H2,NR1H3	0.602391441157961	0.5897958278656006	0.7526963353157043
MR		4	FKBP5,NDRG2,NR3C2,SGK1	0.4924480805538074	0.44871389865875244	0.48234543204307556
NF-κB		12	IKBKB,LTBR,NFKB1,NFKB2,NFKBIE,RELA,RELB,BIRC2,TNFRSF1A,TRIM25,UBE2I,XIAP	0.4374449339207048	0.9231648445129395	0.6082972884178162
NFAT	young_anti_unit	1	PPP3CA	0.6237885462555066	0.9970096945762634	0.14026324450969696
NPAS4		4	CALM1,CALM2,CALM3,ARNT2	0.5140969162995594	0.36221393942832947	0.3657114803791046
NRF2		3	KEAP1,NFE2L2,NQO1	0.75254877281309	2.9664700031280518	7.166418552398682
Notch		6	HES1,HEY1,NRARP,NUMBL,NUMB,RBPJ	0.542668344870988	1.217452883720398	0.20844408869743347
PI3K/PTEN	ancient_unit	5	AKT1,FOXO3,PDK1,PIK3CA,PTEN	0.615607300188798	0.47872835397720337	0.5925158262252808
PPARα		3	CPT1A,PPARA,ACOX1	0.4232850849590938	1.2646641731262207	0.2633705735206604
PPARγ		0				1.6571346521377563
PR		1	FOXO1	0.9102580239144116	0.10324517637491226	0.1120520830154419
PXR/CAR		0				
RAR		2	RARB,TGM2	0.5362492133417244		
SREBP		8	FASN,HMGCR,INSIG1,INSIG2,LDLR,PCSK9,SCAP,SREBF2	0.39175582127123976	7.363689422607422	1.0454919338226318
TGF-β		3	SKIL,SMAD3,TGFB1	0.5268722466960353		
TR		2	THRA,THRB	0.10239144115796098	0.36528483033180237	0.15152792632579803
Type I IFN		3	IFNAR1,STAT1,STAT2	0.7749528005034613	0.1928485482931137	0.328871488571167
UPR-ATF6		6	CALR,ATF6B,ATF6,PDIA3,PDIA4,XBP1	0.6136563876651983	3.477856159210205	4.407668113708496
UPR-IRE1		4	DNAJB9,EDEM1,ERN1,XBP1	0.10050346129641283	0.8063283562660217	1.1084973812103271
UPR-PERK		5	DDIT3,EIF2AK3,ASNS,ATF4,PPP1R15A	0.5864065449968534	1.9058974981307983	0.47577470541000366
VDR	young_anti_unit	1	VDR	0.6513530522341096		
Wnt		18	CBY1,CTNNBIP1,FOSL1,FZD2,FZD3,FZD5,GSK3B,JUN,LGR4,LRP5,LRP6,LZTS2,NFATC4,NOTUM,ROR2,RYK,TCF7L2,TP53	0.3721208307111391	0.691705584526062	1.018164873123169
cAMP/CREB		3	CREB1,CREM,PRKACA	0.7388294524858402	1.0372177362442017	0.1488235890865326
cGAS-STING	young_anti_unit	9	ZCCHC3,DNASE2,IRF3,IRF7,NFKB1,NFKBIB,RELA,SAMHD1,TMEM173	0.30232850849590936	0.33414098620414734	0.328871488571167
mTOR		12	DDIT4,EIF4EBP1,GRB10,HIF1A,MTOR,RHEB,RPS6KB1,RPTOR,SESN2,SLC38A9,SLC7A5,TNFRSF1A	0.43001887979861547	1.6778502464294434	6.072420597076416
p53	young_anti_unit	13	CHEK2,GTSE1,MDM2,MDM4,ATM,PPM1D,ATR,RCHY1,COP1,BAX,BBC3,TP53,TP73	0.6307111390811831	0.9960842132568359	0.5512095093727112
