set	module	cls	kd	n_pert	n_ctrl	n_out	n_out_m2	M1	M2	Z2	M3_delta_rho	status
primary	ERK/MAPK	break	SPRY2	358	1792	3	1	0.02122401775992308				too_few_genes_for_M2
primary	ERK/MAPK	break	SPRY4	213	1018	3	2	0.0314675641850651				too_few_genes_for_M2
primary	ERK/MAPK	break	SPRED1	69	343	3	1	0.026455177790423362				too_few_genes_for_M2
primary	ERK/MAPK	input_down	SOS1	108	513	3	1	-0.08230767632160362				too_few_genes_for_M2
primary	ERK/MAPK	input_down	RAF1	120	620	3	2	-0.01155188930228899				too_few_genes_for_M2
primary	ERK/MAPK	input_down	MAP2K1	197	982	3	2	0.12341617792536975				too_few_genes_for_M2
primary	ERK/MAPK	input_down	MAPK1	272	1379	3	1	0.12311753148383635				too_few_genes_for_M2
primary	HIF	break	VHL	344	1697	5	4	0.05427002211393724	-0.2701279545023882	-0.05936699010573894	-0.10592434912699267	ok
primary	HIF	break	EGLN1	288	1449	5	4	-0.053779596800621485	0.9129810410996305	1.2211522647238233	0.10070272237053204	ok
primary	HIF	input_down	HIF1A	147	737	5	4	-0.18152389156166185	0.32818946854678466	0.5765306065151137	-0.043650685145760565	ok
primary	HIF	input_down	ARNT	86	420	5	4	-0.2697568956408869	-1.568632967670861	-1.1420260293152784	0.10815801867925284	ok
primary	JAK-STAT	break	SOCS1	89	442	3	3	0.0330533738751819	-0.4108558580548924	0.00982652987513175	-0.020384811071483662	ok
primary	JAK-STAT	break	CISH	195	977	3	3	0.10416712350947042	0.3741010550995961	0.4440691177194543	0.039345675920627585	ok
primary	JAK-STAT	break	PTPN2	242	1179	3	3	-0.006282321414740962	0.05272068050469737	0.18929792523907624	0.022189866216680842	ok
primary	JAK-STAT	input_down	STAT5A	424	2140	3	3	0.055472121786861874	0.2637790309685673	0.33625960557311724	0.013461842292794679	ok
primary	JAK-STAT	input_down	STAT5B	112	596	3	3	-0.3987994158169574	0.5095822254725176	0.425555439037536	-0.03883668987148831	ok
primary	JAK-STAT	input_down	JAK2	243	1209	3	3	-0.03150131942457431	-0.9765256811128816	-0.727002269540402	0.002398717045180049	ok
primary	JAK-STAT	input_down	JAK1	70	356	3	3	-0.13733001323290314	-1.0540932017463465	-0.5888517873671375	0.054279486149046596	ok
primary	SREBP	break	INSIG1	116	549	5	5	0.6455563227169985	0.701422257311228	0.7392005127041781		ok
primary	SREBP	break	INSIG2	293	1425	5	5	0.013373829804609952	0.8105992779418516	0.93040812737915	0.042175399451027565	ok
primary	SREBP	input_down	SCAP	303	1499	5	5	-0.4955069236936692	0.9158835898200733	0.9247486040892005	0.03999988223766579	ok
primary	SREBP	input_down	SREBF2	174	874	5	5	-0.5022773847699796	0.03330941876402384	0.19324782484593014	0.12528980754574365	ok
primary	SREBP	input_down	MBTPS1	133	671	5	4	-0.5558274445625696	0.3756044304398375	0.39793144349437976	-0.038628357488617704	ok
primary	SREBP	input_down	MBTPS2	363	1785	5	4	-0.8750983158433444	1.239458173891553	1.2000746615585827	0.10781676220233569	ok
primary	UPR-IRE1	break	DNAJB9	268	1306	3	2	0.10560779557200362				too_few_genes_for_M2
primary	UPR-IRE1	input_down	ERN1	324	1611	3	2	-0.025823415788936016				too_few_genes_for_M2
primary	UPR-IRE1	input_down	XBP1	253	1246	3	2	-0.04195427705254298				too_few_genes_for_M2
primary	UPR-PERK	break	PPP1R15A	81	402	4	3	0.42281621229906147	-0.15402632354108323	-0.11513720137499912		ok
primary	UPR-PERK	input_down	EIF2AK3	172	850	4	3	0.05534736810615705	-0.16395252055025517	0.10340295024209609	0.008953883402975052	ok
primary	UPR-PERK	input_down	ATF4	99	487	4	2	-0.535790944176058				too_few_genes_for_M2
secondary_break_only	NRF2	break	KEAP1	229	1182	6	5	0.9962483412929428	-0.6293569607668863	-0.3354613061038358		ok
secondary_break_only	NRF2	break	CUL3	243	1214	6	5	0.3513095533913621	-0.3709701898712695	-0.20383073579636354		ok
secondary_break_only	HSF1	break	HSP90AB1	71	355	6	4	0.3420738006439796	1.381124565559403	1.2140298960443556		ok
secondary_break_only	HSF1	break	HSP90AA1	227	1128	5	3	0.029734512584186246	-2.96442127956625	-1.6106471859866		ok
input_up	mTOR	input_up	TSC1	73	375	6	4	0.18806360500545205	0.29468215934950315	0.38625068011608743		ok
input_up	ERK/MAPK	input_up	NF1	135	648	3	2	0.2974579667210611				too_few_genes_for_M2
input_up	mTOR	input_down	RPTOR	94	467	6	3	-0.1285052369440214	0.6553303102811929	0.43118415895528583		ok
input_up	mTOR	input_down	MTOR	106	567	6	4	-0.1782592902336422	0.5945112007790126	0.3994140930572768		ok
input_up	mTOR	input_down	RHEB	57	308	6	4	0.03380912454326523	-0.2174164930853258	-0.06880855898661181		ok
negative_control	p53	break	MDM2	104	522	6	4	0.16079671624189512	0.34033773891678576	0.2465003111387797	-0.11463174475603632	ok
negative_control	p53	break	PPM1D	71	338	6	4	0.09240568351566758	-4.7182688401640505	-2.6035743742271453	-0.2782604327048379	ok
negative_control	p53	break	MDM4	105	539	6	4	0.04324122917899723	0.5034470075911401	0.2943210925952085	0.11718362536201031	ok
negative_control	p53	input_down	TP53	194	982	6	3	0.022406308064328934	-0.006988186179077557	0.1304090503305062	0.007489475901084938	ok
negative_control	p53	input_down	ATM	141	710	6	4	-0.001731496092440597	-0.04505648718280476	0.1381982191673961	-0.11651108623828474	ok
sensitivity	UPR-ATF6	break	HSPA5	260	1318	4	4	1.4802014024418442	0.9057771819853475	1.3238382742974009		ok
sensitivity	UPR-ATF6	input_down	ATF6	112	579	5	5	-0.13080954229515615	-0.2996696522296189	-0.1675654580447978		ok
sensitivity	UPR-ATF6	input_down	MBTPS1	133	671	5	5	-0.14582679439512516	0.5561938430792762	0.9364597735856423		ok
sensitivity	UPR-ATF6	input_down	MBTPS2	363	1785	5	5	-0.3690584293559172	0.00811305095482355	-0.2619977469236371		ok
specificity	SREBP	specificity	MBTPS1	133	671	5	4	-0.5558274445625696	0.3756044304398375	0.3758548002987393	-0.038628357488617704	ok
specificity	UPR-ATF6	specificity	MBTPS1	133	671	5	5	-0.14582679439512516	0.5561938430792762	0.8867257027405137		ok
specificity	SREBP	specificity	MBTPS2	363	1785	5	4	-0.8750983158433444	1.239458173891553	1.1740314665384317	0.10781676220233569	ok
specificity	UPR-ATF6	specificity	MBTPS2	363	1785	5	5	-0.3690584293559172	0.00811305095482355	-0.25411464526560573		ok
specificity	SREBP	specificity	ATF6	112	579	5	5	0.03620323749805783	0.15387821037955743	0.28422178067649645	-0.06053821849546519	ok
specificity	UPR-ATF6	specificity	ATF6	112	579	5	5	-0.13080954229515615	-0.2996696522296189	-0.24579470905379647		ok
specificity	SREBP	specificity	SCAP	303	1499	5	5	-0.4955069236936692	0.9158835898200733	0.8408792329564162	0.03999988223766579	ok
specificity	UPR-ATF6	specificity	SCAP	303	1499	5	5	0.0286369926116675	0.05974259601977883	0.26940875668155373		ok
