operation,module,effect_metric,peak_effect,intensity_band,direction,n_obs,peak_condition,calib_cell,calib_A_baseline,calib_saturated
differentiation,Cell Cycle,log2fc,-0.7992,high,suppressive,2,mature_phase,organoid,3.647,False
differentiation,BMP,log2fc,0.1331,low,up,2,mature_phase,organoid,3.589,False
differentiation,Calcium,log2fc,-0.2918,low,suppressive,2,active_phase,organoid,4.083,False
differentiation,ER,log2fc,-0.1611,low,suppressive,2,mature_phase,organoid,2.643,False
differentiation,ERK/MAPK,log2fc,-0.157,low,suppressive,2,active_phase,organoid,4.023,False
differentiation,HIF,log2fc,-0.1629,low,suppressive,2,active_phase,organoid,2.954,False
differentiation,MR,log2fc,-0.1202,low,suppressive,2,mature_phase,organoid,3.895,False
differentiation,NRF2,log2fc,-0.262,low,suppressive,2,mature_phase,organoid,4.353,False
differentiation,Notch,log2fc,-0.1452,low,suppressive,2,mature_phase,organoid,2.793,False
differentiation,PI3K/PTEN,log2fc,0.1378,low,up,2,mature_phase,organoid,3.673,False
differentiation,SREBP,log2fc,0.1473,low,up,2,active_phase,organoid,3.375,False
differentiation,UPR-ATF6,log2fc,0.2133,low,up,2,mature_phase,organoid,5.58,True
differentiation,UPR-IRE1,log2fc,0.273,low,up,2,mature_phase,organoid,3.878,False
differentiation,UPR-PERK,log2fc,0.262,low,up,2,mature_phase,organoid,3.049,False
differentiation,Wnt,log2fc,0.168,low,up,2,mature_phase,organoid,2.983,False
differentiation,cAMP/CREB,log2fc,-0.2006,low,suppressive,2,active_phase,organoid,4.611,True
differentiation,Autophagy,log2fc,0.4932,medium,up,2,mature_phase,organoid,3.686,False
differentiation,PPARα,log2fc,-0.3532,medium,suppressive,2,mature_phase,organoid,4.269,False
differentiation,AMPK,log2fc,0.0606,none,flat,2,mature_phase,organoid,3.495,False
differentiation,AR,log2fc,0.0575,none,flat,2,mature_phase,organoid,2.504,False
differentiation,AhR,log2fc,0.0373,none,flat,2,active_phase,organoid,1.732,False
differentiation,Circadian,log2fc,0.0798,none,flat,2,mature_phase,organoid,3.143,False
differentiation,FXR,log2fc,0.0145,none,flat,2,active_phase,organoid,1.088,False
differentiation,GR,log2fc,-0.0156,none,flat,2,active_phase,organoid,3.607,False
differentiation,HSF1,log2fc,0.0055,none,flat,2,active_phase,organoid,3.219,False
differentiation,Hedgehog,log2fc,0.0203,none,flat,2,active_phase,organoid,1.105,False
differentiation,Hippo,log2fc,0.0966,none,flat,2,mature_phase,organoid,1.412,False
differentiation,Insulin/FOXO,log2fc,0.0595,none,flat,2,mature_phase,organoid,2.913,False
differentiation,JAK-STAT,log2fc,0.0321,none,flat,2,mature_phase,organoid,3.249,False
differentiation,LXR,log2fc,0.0331,none,flat,2,mature_phase,organoid,3.052,False
differentiation,NF-κB,log2fc,0.0458,none,flat,2,mature_phase,organoid,1.524,False
differentiation,NFAT,log2fc,-0.0216,none,flat,2,active_phase,organoid,0.137,False
differentiation,PPARγ,log2fc,0.0026,none,flat,2,mature_phase,organoid,0.985,False
differentiation,PR,log2fc,-0.021,none,flat,2,active_phase,organoid,1.534,False
differentiation,PXR/CAR,log2fc,0.0,none,flat,2,active_phase,organoid,1.44,False
differentiation,RAR,log2fc,-0.0926,none,flat,2,active_phase,organoid,0.494,False
differentiation,TGF-β,log2fc,0.0059,none,flat,2,mature_phase,organoid,1.897,False
differentiation,TR,log2fc,-0.0347,none,flat,2,mature_phase,organoid,2.13,False
differentiation,Type I IFN,log2fc,0.0032,none,flat,2,mature_phase,organoid,1.464,False
differentiation,VDR,log2fc,0.0,none,flat,2,active_phase,organoid,0.0,False
differentiation,cGAS-STING,log2fc,-0.0105,none,flat,2,active_phase,organoid,1.265,False
differentiation,mTOR,log2fc,-0.0391,none,flat,2,active_phase,organoid,4.518,True
differentiation,p53,log2fc,0.087,none,flat,2,mature_phase,organoid,3.1,False
hypertrophy,Calcium,log2fc,3.0294,extreme,up,4,RE_30m,myofiber,1.827,False
hypertrophy,Circadian,log2fc,-1.0309,extreme,suppressive,4,RE_8h,myofiber,3.582,False
hypertrophy,ERK/MAPK,log2fc,1.8012,extreme,up,4,RE_30m,myofiber,1.358,False
hypertrophy,HSF1,log2fc,1.268,extreme,up,4,RE_3h,myofiber,2.766,False
hypertrophy,Hippo,log2fc,3.1412,extreme,up,4,RE_3h,myofiber,2.046,False
hypertrophy,JAK-STAT,log2fc,1.4807,extreme,up,4,RE_3h,myofiber,2.069,False
hypertrophy,PXR/CAR,log2fc,1.0843,extreme,up,4,RE_3h,myofiber,0.748,False
hypertrophy,UPR-PERK,log2fc,1.267,extreme,up,4,RE_3h,myofiber,1.259,False
hypertrophy,VDR,log2fc,1.7188,extreme,up,4,RE_30m,myofiber,0.019,False
hypertrophy,cAMP/CREB,log2fc,3.6943,extreme,up,4,RE_30m,myofiber,1.782,False
hypertrophy,p53,log2fc,1.0254,extreme,up,4,RE_8h,myofiber,1.92,False
hypertrophy,AR,log2fc,0.91,high,up,4,RE_3h,myofiber,2.044,False
hypertrophy,ER,log2fc,0.9681,high,up,4,RE_3h,myofiber,1.538,False
hypertrophy,FXR,log2fc,-0.9073,high,suppressive,4,RE_3h,myofiber,1.205,False
hypertrophy,GR,log2fc,0.8228,high,up,4,RE_30m,myofiber,4.023,False
hypertrophy,Hedgehog,log2fc,-0.6178,high,suppressive,4,RE_8h,myofiber,1.74,False
hypertrophy,MR,log2fc,0.6576,high,up,4,RE_3h,myofiber,3.834,False
hypertrophy,NF-κB,log2fc,0.8912,high,up,4,RE_8h,myofiber,0.93,False
hypertrophy,Notch,log2fc,0.6623,high,up,4,RE_30m,myofiber,1.411,False
hypertrophy,PPARγ,log2fc,0.7063,high,up,4,RE_24h,myofiber,2.76,False
hypertrophy,SREBP,log2fc,0.6044,high,up,4,RE_24h,myofiber,1.346,False
hypertrophy,UPR-IRE1,log2fc,0.609,high,up,4,RE_3h,myofiber,2.939,False
hypertrophy,Insulin/FOXO,log2fc,0.2898,low,up,4,RE_24h,myofiber,2.549,False
hypertrophy,NRF2,log2fc,0.2678,low,up,4,RE_8h,myofiber,2.879,False
hypertrophy,UPR-ATF6,log2fc,0.1942,low,up,4,RE_8h,myofiber,2.684,False
hypertrophy,cGAS-STING,log2fc,-0.2583,low,suppressive,4,RE_3h,myofiber,0.687,False
hypertrophy,AMPK,log2fc,0.3942,medium,up,4,RE_3h,myofiber,3.573,False
hypertrophy,AhR,log2fc,0.5948,medium,up,4,RE_8h,myofiber,1.117,False
hypertrophy,Autophagy,log2fc,0.382,medium,up,4,RE_3h,myofiber,3.913,False
hypertrophy,BMP,log2fc,0.5973,medium,up,4,RE_30m,myofiber,1.085,False
hypertrophy,Cell Cycle,log2fc,-0.3996,medium,suppressive,4,RE_24h,myofiber,0.551,False
hypertrophy,HIF,log2fc,0.5312,medium,up,4,RE_8h,myofiber,2.413,False
hypertrophy,LXR,log2fc,-0.4104,medium,suppressive,4,RE_8h,myofiber,3.599,False
hypertrophy,NFAT,log2fc,0.5775,medium,up,4,RE_3h,myofiber,0.137,False
hypertrophy,PI3K/PTEN,log2fc,0.3748,medium,up,4,RE_3h,myofiber,3.628,False
hypertrophy,PPARα,log2fc,-0.4531,medium,suppressive,4,RE_8h,myofiber,1.987,False
hypertrophy,PR,log2fc,0.5702,medium,up,4,RE_3h,myofiber,2.187,False
hypertrophy,RAR,log2fc,0.4001,medium,up,4,RE_24h,myofiber,1.398,False
hypertrophy,TGF-β,log2fc,0.4899,medium,up,4,RE_30m,myofiber,1.375,False
hypertrophy,TR,log2fc,-0.3319,medium,suppressive,4,RE_30m,myofiber,2.024,False
hypertrophy,Type I IFN,log2fc,-0.5423,medium,suppressive,4,RE_8h,myofiber,0.994,False
hypertrophy,Wnt,log2fc,0.4471,medium,up,4,RE_3h,myofiber,1.152,False
hypertrophy,mTOR,log2fc,0.5259,medium,up,4,RE_3h,myofiber,3.545,False
immune_activation,AhR,log2fc,0.6893,high,up,2,peak_vs_0h,immune(activated),2.066,False
immune_activation,NFAT,log2fc,0.61,high,up,2,peak_vs_0h,immune(activated),1.366,False
immune_activation,cAMP/CREB,log2fc,0.8662,high,up,2,peak_vs_0h,immune(activated),5.048,True
immune_activation,Autophagy,log2fc,-0.2629,low,suppressive,2,24h_vs_0h,immune(activated),4.235,False
immune_activation,BMP,log2fc,-0.1103,low,suppressive,2,24h_vs_0h,immune(activated),3.011,False
immune_activation,Circadian,log2fc,-0.1967,low,suppressive,2,24h_vs_0h,immune(activated),3.371,False
immune_activation,ER,log2fc,0.1756,low,up,2,peak_vs_0h,immune(activated),1.965,False
immune_activation,ERK/MAPK,log2fc,0.1808,low,up,2,peak_vs_0h,immune(activated),3.968,False
immune_activation,HIF,log2fc,0.1483,low,up,2,peak_vs_0h,immune(activated),2.874,False
immune_activation,HSF1,log2fc,0.1501,low,up,2,peak_vs_0h,immune(activated),3.43,False
immune_activation,Hedgehog,log2fc,-0.1918,low,suppressive,2,24h_vs_0h,immune(activated),1.248,False
immune_activation,Hippo,log2fc,0.2983,low,up,2,peak_vs_0h,immune(activated),0.326,False
immune_activation,MR,log2fc,-0.1682,low,suppressive,2,24h_vs_0h,immune(activated),3.931,False
immune_activation,NRF2,log2fc,0.1522,low,up,2,peak_vs_0h,immune(activated),3.089,False
immune_activation,PI3K/PTEN,log2fc,-0.1534,low,suppressive,2,24h_vs_0h,immune(activated),4.503,True
immune_activation,PPARγ,log2fc,0.2941,low,up,2,peak_vs_0h,immune(activated),1.309,False
immune_activation,RAR,log2fc,0.1139,low,up,2,peak_vs_0h,immune(activated),1.568,False
immune_activation,Type I IFN,log2fc,0.2894,low,up,2,peak_vs_0h,immune(activated),2.277,False
immune_activation,UPR-ATF6,log2fc,0.1299,low,up,2,peak_vs_0h,immune(activated),4.782,True
immune_activation,Wnt,log2fc,0.1435,low,up,2,peak_vs_0h,immune(activated),2.529,False
immune_activation,cGAS-STING,log2fc,0.1999,low,up,2,peak_vs_0h,immune(activated),1.708,False
immune_activation,mTOR,log2fc,0.1759,low,up,2,peak_vs_0h,immune(activated),4.343,False
immune_activation,p53,log2fc,0.1523,low,up,2,peak_vs_0h,immune(activated),3.231,False
immune_activation,Calcium,log2fc,0.5024,medium,up,2,peak_vs_0h,immune(activated),4.119,False
immune_activation,Cell Cycle,log2fc,0.4512,medium,up,2,peak_vs_0h,immune(activated),1.863,False
immune_activation,GR,log2fc,-0.3989,medium,suppressive,2,24h_vs_0h,immune(activated),5.487,True
immune_activation,JAK-STAT,log2fc,0.3387,medium,up,2,peak_vs_0h,immune(activated),4.024,False
immune_activation,LXR,log2fc,-0.391,medium,suppressive,2,24h_vs_0h,immune(activated),3.715,False
immune_activation,NF-κB,log2fc,0.3057,medium,up,2,peak_vs_0h,immune(activated),3.507,False
immune_activation,PXR/CAR,log2fc,-0.3543,medium,suppressive,2,24h_vs_0h,immune(activated),1.019,False
immune_activation,SREBP,log2fc,0.3207,medium,up,2,peak_vs_0h,immune(activated),2.678,False
immune_activation,TGF-β,log2fc,-0.4749,medium,suppressive,2,24h_vs_0h,immune(activated),2.602,False
immune_activation,UPR-PERK,log2fc,0.3503,medium,up,2,peak_vs_0h,immune(activated),2.801,False
immune_activation,VDR,log2fc,-0.5425,medium,suppressive,2,24h_vs_0h,immune(activated),0.825,False
immune_activation,AMPK,log2fc,0.0626,none,flat,2,peak_vs_0h,immune(activated),1.998,False
immune_activation,AR,log2fc,0.0674,none,flat,2,peak_vs_0h,immune(activated),2.353,False
immune_activation,FXR,log2fc,0.0536,none,flat,2,peak_vs_0h,immune(activated),0.617,False
immune_activation,Insulin/FOXO,log2fc,0.0745,none,flat,2,peak_vs_0h,immune(activated),2.634,False
immune_activation,Notch,log2fc,0.0166,none,flat,2,peak_vs_0h,immune(activated),1.967,False
immune_activation,PPARα,log2fc,0.0447,none,flat,2,peak_vs_0h,immune(activated),1.377,False
immune_activation,PR,log2fc,-0.0469,none,flat,2,24h_vs_0h,immune(activated),3.161,False
immune_activation,TR,log2fc,0.0544,none,flat,2,peak_vs_0h,immune(activated),0.768,False
immune_activation,UPR-IRE1,log2fc,0.0976,none,flat,2,peak_vs_0h,immune(activated),4.304,False
memory_consolidation,ERK/MAPK,cohens_d,1.0,extreme,up,18,Marco_1.5h,Excitatory,,
memory_consolidation,HSF1,cohens_d,1.4,extreme,up,6,GSE271555_d1,DG,2.383,False
memory_consolidation,NFAT,cohens_d,1.4,extreme,up,7,Lacar,DG,1.923,False
memory_consolidation,NPAS4,cohens_d,1.01,extreme,up,6,Lacar,DG,4.36,False
memory_consolidation,UPR-ATF6,cohens_d,1.04,extreme,up,2,Jovasevic_96h,DG,3.265,False
memory_consolidation,NF-κB,cohens_d,0.78,high,up,6,Lacar,DG,0.657,False
memory_consolidation,Wnt,cohens_d,0.75,high,up,2,GSE271555_d1,DG,1.424,False
memory_consolidation,cAMP/CREB,cohens_d,0.8,high,up,17,GSE271555_d1,DG,2.385,False
memory_consolidation,Hippo,cohens_d,0.28,low,up,1,GSE271555_d1,DG,0.276,False
memory_consolidation,Hedgehog,cohens_d,0.45,medium,up,2,GSE271555_d1,DG,2.229,False
regeneration,Calcium,log2fc,-0.6305,high,suppressive,1,d1_vs_d4,organoid,4.083,False
regeneration,Cell Cycle,log2fc,0.8075,high,up,1,d1_vs_d4,organoid,3.647,False
regeneration,HIF,log2fc,-0.65,high,suppressive,1,d1_vs_d4,organoid,2.954,False
regeneration,AMPK,log2fc,-0.2116,low,suppressive,1,d1_vs_d4,organoid,3.495,False
regeneration,Autophagy,log2fc,-0.2848,low,suppressive,1,d1_vs_d4,organoid,3.686,False
regeneration,GR,log2fc,-0.1513,low,suppressive,1,d1_vs_d4,organoid,3.607,False
regeneration,HSF1,log2fc,0.2407,low,up,1,d1_vs_d4,organoid,3.219,False
regeneration,Insulin/FOXO,log2fc,-0.2343,low,suppressive,1,d1_vs_d4,organoid,2.913,False
regeneration,Notch,log2fc,-0.1486,low,suppressive,1,d1_vs_d4,organoid,2.793,False
regeneration,PI3K/PTEN,log2fc,-0.2859,low,suppressive,1,d1_vs_d4,organoid,3.673,False
regeneration,TR,log2fc,-0.1834,low,suppressive,1,d1_vs_d4,organoid,2.13,False
regeneration,UPR-IRE1,log2fc,-0.1807,low,suppressive,1,d1_vs_d4,organoid,3.878,False
regeneration,UPR-PERK,log2fc,-0.1927,low,suppressive,1,d1_vs_d4,organoid,3.049,False
regeneration,mTOR,log2fc,-0.115,low,suppressive,1,d1_vs_d4,organoid,4.518,True
regeneration,ERK/MAPK,log2fc,-0.4306,medium,suppressive,1,d1_vs_d4,organoid,4.023,False
regeneration,Hippo,log2fc,0.5684,medium,up,1,d1_vs_d4,organoid,1.412,False
regeneration,PPARα,log2fc,-0.5597,medium,suppressive,1,d1_vs_d4,organoid,4.269,False
regeneration,SREBP,log2fc,-0.4962,medium,suppressive,1,d1_vs_d4,organoid,3.375,False
regeneration,cAMP/CREB,log2fc,-0.3974,medium,suppressive,1,d1_vs_d4,organoid,4.611,True
regeneration,AR,log2fc,-0.0285,none,flat,1,d1_vs_d4,organoid,2.504,False
regeneration,AhR,log2fc,-0.0669,none,flat,1,d1_vs_d4,organoid,1.732,False
regeneration,BMP,log2fc,0.0536,none,flat,1,d1_vs_d4,organoid,3.589,False
regeneration,Circadian,log2fc,-0.055,none,flat,1,d1_vs_d4,organoid,3.143,False
regeneration,ER,log2fc,0.0845,none,flat,1,d1_vs_d4,organoid,2.643,False
regeneration,FXR,log2fc,-0.0784,none,flat,1,d1_vs_d4,organoid,1.088,False
regeneration,Hedgehog,log2fc,-0.0076,none,flat,1,d1_vs_d4,organoid,1.105,False
regeneration,JAK-STAT,log2fc,-0.0276,none,flat,1,d1_vs_d4,organoid,3.249,False
regeneration,LXR,log2fc,-0.051,none,flat,1,d1_vs_d4,organoid,3.052,False
regeneration,MR,log2fc,-0.0215,none,flat,1,d1_vs_d4,organoid,3.895,False
regeneration,NF-κB,log2fc,-0.0532,none,flat,1,d1_vs_d4,organoid,1.524,False
regeneration,NFAT,log2fc,-0.0085,none,flat,1,d1_vs_d4,organoid,0.137,False
regeneration,NRF2,log2fc,0.0303,none,flat,1,d1_vs_d4,organoid,4.353,False
regeneration,PPARγ,log2fc,-0.0214,none,flat,1,d1_vs_d4,organoid,0.985,False
regeneration,PR,log2fc,-0.0208,none,flat,1,d1_vs_d4,organoid,1.534,False
regeneration,PXR/CAR,log2fc,0.0,none,flat,1,d1_vs_d4,organoid,1.44,False
regeneration,RAR,log2fc,-0.0239,none,flat,1,d1_vs_d4,organoid,0.494,False
regeneration,TGF-β,log2fc,-0.0244,none,flat,1,d1_vs_d4,organoid,1.897,False
regeneration,Type I IFN,log2fc,-0.0036,none,flat,1,d1_vs_d4,organoid,1.464,False
regeneration,UPR-ATF6,log2fc,0.0234,none,flat,1,d1_vs_d4,organoid,5.58,True
regeneration,VDR,log2fc,0.0,none,flat,1,d1_vs_d4,organoid,0.0,False
regeneration,Wnt,log2fc,0.0862,none,flat,1,d1_vs_d4,organoid,2.983,False
regeneration,cGAS-STING,log2fc,-0.004,none,flat,1,d1_vs_d4,organoid,1.265,False
regeneration,p53,log2fc,-0.0581,none,flat,1,d1_vs_d4,organoid,3.1,False
retinoid_perturbation,PPARα,log2fc,0.7094,high,up,3,atRA,organoid,4.269,False
retinoid_perturbation,AR,log2fc,0.2362,low,up,3,RXRi,organoid,2.504,False
retinoid_perturbation,Autophagy,log2fc,0.2394,low,up,3,RXRi,organoid,3.686,False
retinoid_perturbation,Cell Cycle,log2fc,-0.2631,low,suppressive,3,RXRi,organoid,3.647,False
retinoid_perturbation,ERK/MAPK,log2fc,-0.2965,low,suppressive,3,atRA,organoid,4.023,False
retinoid_perturbation,Hippo,log2fc,-0.1387,low,suppressive,3,RXRi,organoid,1.412,False
retinoid_perturbation,LXR,log2fc,0.1178,low,up,3,atRA,organoid,3.052,False
retinoid_perturbation,NRF2,log2fc,0.1755,low,up,3,atRA,organoid,4.353,False
retinoid_perturbation,Notch,log2fc,-0.1438,low,suppressive,3,atRA,organoid,2.793,False
retinoid_perturbation,PI3K/PTEN,log2fc,-0.1901,low,suppressive,3,atRA,organoid,3.673,False
retinoid_perturbation,PPARγ,log2fc,0.1932,low,up,3,atRA,organoid,0.985,False
retinoid_perturbation,SREBP,log2fc,-0.2645,low,suppressive,3,atRA,organoid,3.375,False
retinoid_perturbation,UPR-IRE1,log2fc,-0.1771,low,suppressive,3,atRA,organoid,3.878,False
retinoid_perturbation,mTOR,log2fc,0.2667,low,up,3,RXRi,organoid,4.518,True
retinoid_perturbation,p53,log2fc,-0.1088,low,suppressive,3,atRA,organoid,3.1,False
retinoid_perturbation,Calcium,log2fc,-0.4419,medium,suppressive,3,atRA,organoid,4.083,False
retinoid_perturbation,FXR,log2fc,0.4053,medium,up,3,atRA,organoid,1.088,False
retinoid_perturbation,HIF,log2fc,-0.3644,medium,suppressive,3,atRA,organoid,2.954,False
retinoid_perturbation,TR,log2fc,0.4414,medium,up,3,atRA,organoid,2.13,False
retinoid_perturbation,UPR-ATF6,log2fc,-0.3348,medium,suppressive,3,atRA,organoid,5.58,True
retinoid_perturbation,UPR-PERK,log2fc,0.3043,medium,up,3,RXRi,organoid,3.049,False
retinoid_perturbation,cAMP/CREB,log2fc,-0.3315,medium,suppressive,3,atRA,organoid,4.611,True
retinoid_perturbation,AMPK,log2fc,-0.0785,none,flat,3,atRA,organoid,3.495,False
retinoid_perturbation,AhR,log2fc,-0.0726,none,flat,3,novita,organoid,1.732,False
retinoid_perturbation,BMP,log2fc,0.0441,none,flat,3,RXRi,organoid,3.589,False
retinoid_perturbation,Circadian,log2fc,-0.0209,none,flat,3,RXRi,organoid,3.143,False
retinoid_perturbation,ER,log2fc,-0.0469,none,flat,3,atRA,organoid,2.643,False
retinoid_perturbation,GR,log2fc,-0.0762,none,flat,3,atRA,organoid,3.607,False
retinoid_perturbation,HSF1,log2fc,0.0696,none,flat,3,RXRi,organoid,3.219,False
retinoid_perturbation,Hedgehog,log2fc,0.0,none,flat,3,atRA,organoid,1.105,False
retinoid_perturbation,Insulin/FOXO,log2fc,-0.0236,none,flat,3,RXRi,organoid,2.913,False
retinoid_perturbation,JAK-STAT,log2fc,-0.0154,none,flat,3,novita,organoid,3.249,False
retinoid_perturbation,MR,log2fc,0.0783,none,flat,3,RXRi,organoid,3.895,False
retinoid_perturbation,NF-κB,log2fc,0.0712,none,flat,3,RXRi,organoid,1.524,False
retinoid_perturbation,NFAT,log2fc,0.0052,none,flat,3,RXRi,organoid,0.137,False
retinoid_perturbation,PR,log2fc,0.0545,none,flat,3,atRA,organoid,1.534,False
retinoid_perturbation,PXR/CAR,log2fc,0.0,none,flat,3,atRA,organoid,1.44,False
retinoid_perturbation,RAR,log2fc,-0.0836,none,flat,3,RXRi,organoid,0.494,False
retinoid_perturbation,TGF-β,log2fc,-0.0192,none,flat,3,novita,organoid,1.897,False
retinoid_perturbation,Type I IFN,log2fc,0.0102,none,flat,3,atRA,organoid,1.464,False
retinoid_perturbation,VDR,log2fc,0.0,none,flat,3,atRA,organoid,0.0,False
retinoid_perturbation,Wnt,log2fc,0.0495,none,flat,3,novita,organoid,2.983,False
retinoid_perturbation,cGAS-STING,log2fc,0.0098,none,flat,3,atRA,organoid,1.265,False
terminal_differentiation,HSF1,cohens_d,0.154,low,up,1,Enterocyte_vs_ISC,Enterocyte,2.678,False
terminal_differentiation,UPR-ATF6,cohens_d,-0.103,low,suppressive,1,Goblet_vs_ISC,Goblet,5.902,True
terminal_differentiation,UPR-IRE1,cohens_d,-0.037,none,flat,1,Paneth_vs_ISC,Paneth,3.513,False
